No,카페이름,상세주소,주소,위도,경도
0,역마차커피숍,인천광역시 중구 인현동 1,인천광역시 중구 인현동 1,37.47503,126.63179
1,카페미투,인천광역시 중구 북성동1가 98-339,인천광역시 중구 북성동1가 98-339,0.0,0.0
2,커피올레,인천광역시 중구 항동7가 60,인천광역시 중구 항동7가 60,37.45443,126.61033
3,동인천커피숍,인천광역시 중구 인현동 22-36,인천광역시 중구 인현동 22-36,37.47503,126.63179
4,스타벅스인천공항랜드점,인천광역시 중구 운서동 2851,인천광역시 중구 운서동 2851,37.48447,126.48626
5,카페 잔피,인천광역시 중구 송학동2가 1-3,인천광역시 중구 송학동2가 1-3,37.4739832,126.62451
6,카페오라,인천광역시 중구 을왕동 773-61,인천광역시 중구 을왕동 773-61,37.45259,126.38318
7,까로치아,인천광역시 중구 운서동 2851,인천광역시 중구 운서동 2851,37.48447,126.48626
8,인천브릿지 커피,인천광역시 중구 운남동 1113-70,인천광역시 중구 운남동 1113-70,37.4882202,126.5334971
9,담쟁이넝쿨,인천광역시 중구 송학동1가 9,인천광역시 중구 송학동1가 9,37.4749,126.62252
10,탐앤탐스,인천광역시 중구 내동 101,인천광역시 중구 내동 101,37.47342,126.62744
11,영종도 박양우 커피집(Yeongjongdo Park's coffee House),인천광역시 중구 운서동 3060-31,인천광역시 중구 운서동 3060-31,37.48447,126.48626
12,이디야,인천광역시 중구 신생동 38,인천광역시 중구 신생동 38,37.4696597,126.6266658
13,파스쿠찌(신포로데오점),인천광역시 중구 내동 98-4,인천광역시 중구 내동 98-4,37.47342,126.62744
14,케빈커피숍,인천광역시 중구 북성동3가 3-36,인천광역시 중구 북성동3가 3-36,37.47616,126.62091
15,아미가,인천광역시 중구 송학동2가 1-9,인천광역시 중구 송학동2가 1-9,37.4739832,126.62451
16,웨이루 쿼쿠이 인천차이나타운점,인천광역시 중구 북성동2가 10-6,인천광역시 중구 북성동2가 10-6,37.4771996,126.6187996
17,띠아모 경동점,인천광역시 중구 경동 239-13,인천광역시 중구 경동 239-13,37.47209,126.63188
18,카페엔느,인천광역시 중구 항동7가 58-1,인천광역시 중구 항동7가 58-1,37.45443,126.61033
19,커피스카이존(coffee sky zone),인천광역시 중구 운서동 2165-160,인천광역시 중구 운서동 2165-160,37.48447,126.48626
20,애니 데이,인천광역시 중구 율목동 1-33,인천광역시 중구 율목동 1-33,37.47009345,126.635044392266
21,베네 동인천역점,인천광역시 중구 인현동 29-28,인천광역시 중구 인현동 29-28,37.47503,126.63179
22,커피생각,인천광역시 중구 경동 214-3,인천광역시 중구 경동 214-3,37.47209,126.63188
23,카페팟알,인천광역시 중구 관동1가 17,인천광역시 중구 관동1가 17,37.4737356,126.6215448513303
24,더벤티(the venti),인천광역시 중구 운서동 2851-20,인천광역시 중구 운서동 2851-20,37.4537,126.4502667
25,올렌스,인천광역시 중구 내동 215-10,인천광역시 중구 내동 215-10,37.47342,126.62744
26,공익까페파구스,인천광역시 중구 내동 166,인천광역시 중구 내동 166,37.47342,126.62744
27,빨강지붕,인천광역시 중구 을왕동 912-22,인천광역시 중구 을왕동 912-22,37.45259,126.38318
28,커피포트,인천광역시 중구 운서동 2850,인천광역시 중구 운서동 2850,37.48447,126.48626
29,싸리재,인천광역시 중구 경동 169,인천광역시 중구 경동 169,37.47209,126.63188
30,이디야커피(동인천점),인천광역시 중구 인현동 58-1,인천광역시 중구 인현동 58-1,37.47503,126.63179
31,동화마을(cafe),인천광역시 중구 송월동3가 11-80,인천광역시 중구 송월동3가 11-80,37.47816,126.62113
32,이디야 인천차이나타운점,인천광역시 중구 북성동2가 11-6,인천광역시 중구 북성동2가 11-6,37.4771996,126.6187996
33,이디야커피 인천운서점,인천광역시 중구 운서동 2888-5,인천광역시 중구 운서동 2888-5,37.48447,126.48626
34,이디야,인천광역시 중구 운남동 123-1,인천광역시 중구 운남동 123-1,37.4882202,126.5334971
35,투썸플레이스인천영종도점,인천광역시 중구 중산동 1882-12,인천광역시 중구 중산동 1882-12,37.49627,126.5583
36,우리동네,인천광역시 중구 항동7가 27-119,인천광역시 중구 항동7가 27-119,37.45443,126.61033
37,카페오즈,인천광역시 중구 송월동3가 11-93,인천광역시 중구 송월동3가 11-93,37.47816,126.62113
38,갤러리카페59,인천광역시 중구 송학동2가 6-1,인천광역시 중구 송학동2가 6-1,37.4739832,126.62451
39,콜라보,인천광역시 중구 운서동 2798-4,인천광역시 중구 운서동 2798-4,37.48447,126.48626
40,추억의 박물관,인천광역시 중구 북성동1가 98-577,인천광역시 중구 북성동1가 98-577,0.0,0.0
41,크리스피크림인천공항1층점,인천광역시 중구 운서동 2851,인천광역시 중구 운서동 2851,37.48447,126.48626
42,이디야 공항신도시점,인천광역시 중구 운서동 2795-2,인천광역시 중구 운서동 2795-2,37.48447,126.48626
43,엔제리너스인천공항 A/S 서편점,인천광역시 중구 운서동 2851,인천광역시 중구 운서동 2851,37.48447,126.48626
44,AMAAMA(아마아마),인천광역시 중구 전동 19-11,인천광역시 중구 전동 19-11,37.47711,126.62651
45,(주)커피빈코리아 인천공항탑승동 105GATE앞점,인천광역시 중구 운서동 2851,인천광역시 중구 운서동 2851,37.48447,126.48626
46,(주)커피빈코리아 인천공항 탑승동 130GATE앞점,인천광역시 중구 운서동 2851,인천광역시 중구 운서동 2851,37.48447,126.48626
47,공차,인천광역시 중구 관동3가 1-4,인천광역시 중구 관동3가 1-4,37.47207625,126.62477085302109
48,카페쉐어링(영종도점),인천광역시 중구 운서동 2091-104,인천광역시 중구 운서동 2091-104,37.4588028,126.4487361
49,엔제리너스 인천공항 A/S 동편점,인천광역시 중구 운서동 2851,인천광역시 중구 운서동 2851,37.48447,126.48626
50,쏘쿨에이드앤티,인천광역시 중구 북성동2가 9-60,인천광역시 중구 북성동2가 9-60,37.4771996,126.6187996
51,카페라브리,인천광역시 중구 송월동3가 3-6,인천광역시 중구 송월동3가 3-6,37.47816,126.62113
52,coffee MUG,인천광역시 중구 답동 24-3,인천광역시 중구 답동 24-3,37.46947,126.62895
53,소소,인천광역시 중구 항동7가 82-7,인천광역시 중구 항동7가 82-7,37.45443,126.61033
54,빽다방 인천차이나타운점,인천광역시 중구 북성동2가 8-25,인천광역시 중구 북성동2가 8-25,37.4771996,126.6187996
55,이디야커피 인천공항 아이비씨점,인천광역시 중구 운서동 2850-6,인천광역시 중구 운서동 2850-6,37.48447,126.48626
56,동빵,인천광역시 중구 신포동 7-24,인천광역시 중구 신포동 7-24,37.467314099999996,126.62087413613884
57,nos(노스),인천광역시 중구 항동7가 88,인천광역시 중구 항동7가 88,37.45443,126.61033
58,블루밍카페,인천광역시 중구 전동 12-4,인천광역시 중구 전동 12-4,37.47711,126.62651
59,스타벅스 인천공항중앙점,인천광역시 중구 운서동 2840,인천광역시 중구 운서동 2840,37.48447,126.48626
60,(주)달콤커피 백년탑주유소점,인천광역시 중구 항동7가 57-13,인천광역시 중구 항동7가 57-13,37.45443,126.61033
61,주옥,인천광역시 중구 전동 13-6,인천광역시 중구 전동 13-6,37.47711,126.62651
62,셀렉토 커피 인천공항 IBC점,인천광역시 중구 운서동 2850-5,인천광역시 중구 운서동 2850-5,37.48447,126.48626
63,관동오리진,인천광역시 중구 관동1가 14-3,인천광역시 중구 관동1가 14-3,37.4737356,126.6215448513303
64,카페 테이블 홍예,인천광역시 중구 송학동3가 7-11,인천광역시 중구 송학동3가 7-11,37.47338,126.62572
65,꿈꾸는뿔인형극카페&갤러리,인천광역시 중구 송월동3가 10-6,인천광역시 중구 송월동3가 10-6,37.47816,126.62113
66,도도(빙수&커피),인천광역시 중구 인현동 22-39,인천광역시 중구 인현동 22-39,37.47503,126.63179
67,홍루이젠,인천광역시 중구 인현동 1-19,인천광역시 중구 인현동 1-19,37.47503,126.63179
68,그리다썸,인천광역시 중구 을왕동 689-1,인천광역시 중구 을왕동 689-1,37.45259,126.38318
69,아미가Ⅱ,인천광역시 중구 송학동2가 1-9,인천광역시 중구 송학동2가 1-9,37.4739832,126.62451
70,도라미상점,인천광역시 중구 송월동3가 3-157,인천광역시 중구 송월동3가 3-157,37.47816,126.62113
71,해송전망대카페,인천광역시 중구 남북동 16-33,인천광역시 중구 남북동 16-33,37.4499857,126.41187
72,펫38도씨,인천광역시 중구 운남동 22-4,인천광역시 중구 운남동 22-4,37.4882202,126.5334971
73,지하다방,인천광역시 중구 인현동 84-1,인천광역시 중구 인현동 84-1,37.47503,126.63179
74,커피에 반하다 공항신도시점,인천광역시 중구 운서동 2796-1,인천광역시 중구 운서동 2796-1,37.48447,126.48626
75,32파르페&카페,인천광역시 중구 신포동 10-1,인천광역시 중구 신포동 10-1,37.467314099999996,126.62087413613884
76,마시랑 빵카페,인천광역시 중구 덕교동 615-5,인천광역시 중구 덕교동 615-5,37.43512,126.41899
77,빽다방동인천역점,인천광역시 중구 인현동 20-1,인천광역시 중구 인현동 20-1,37.47503,126.63179
78,홍익갤러리,인천광역시 중구 중산동 1885-1,인천광역시 중구 중산동 1885-1,37.49627,126.5583
79,타임플러스,인천광역시 중구 운서동 3060-24,인천광역시 중구 운서동 3060-24,37.4515417,126.4512778
80,컴포즈 영종 운남점,인천광역시 중구 운남동 1515-4,인천광역시 중구 운남동 1515-4,37.4882202,126.5334971
81,카페나예(cafe Naye),인천광역시 중구 선린동 32-4,인천광역시 중구 선린동 32-4,37.47464,126.61855
82,겨자씨 꽃카페(M.Seed COFFEE & FLOWER),인천광역시 중구 항동7가 27-119,인천광역시 중구 항동7가 27-119,37.45443,126.61033
83,(주)동원홈푸드 한국면세점협회 카페및매점점,인천광역시 중구 운서동 3168-1,인천광역시 중구 운서동 3168-1,37.48447,126.48626
84,씨제이프레시웨이(주)파라다이스시티,인천광역시 중구 운서동 2874,인천광역시 중구 운서동 2874,37.48447,126.48626
85,DALL커피,인천광역시 중구 신흥동3가 7-308,인천광역시 중구 신흥동3가 7-308,37.44814,126.62876
86,이디야 운남중앙점,인천광역시 중구 운남동 1515-8,인천광역시 중구 운남동 1515-8,37.4882202,126.5334971
87,아토커피,인천광역시 중구 북성동2가 12-30,인천광역시 중구 북성동2가 12-30,37.4771996,126.6187996
88,할리스커피,인천광역시 중구 중산동 1876-9,인천광역시 중구 중산동 1876-9,37.49627,126.5583
89,느호,인천광역시 중구 송학동3가 7-9,인천광역시 중구 송학동3가 7-9,37.47338,126.62572
90,Breath.30,인천광역시 중구 운서동 2850-7,인천광역시 중구 운서동 2850-7,37.48447,126.48626
91,커피엔티크,인천광역시 중구 용동 238-7,인천광역시 중구 용동 238-7,37.47323,126.63101
92,스타벅스 영종도운서역점,인천광역시 중구 운서동 2804-3,인천광역시 중구 운서동 2804-3,37.494018249999996,126.49266820030469
93,G-까페,인천광역시 중구 운서동 3170-8,인천광역시 중구 운서동 3170-8,37.48447,126.48626
94,우물옆그집,인천광역시 중구 송월동3가 3-37,인천광역시 중구 송월동3가 3-37,37.47816,126.62113
95,STN COFFEE(에스티엔 커피),인천광역시 중구 운서동 2850,인천광역시 중구 운서동 2850,37.48447,126.48626
96,cup of coffee(컵오브커피 차이나타운점),인천광역시 중구 북성동2가 9-4,인천광역시 중구 북성동2가 9-4,37.4771996,126.6187996
97,(주)달콤커피 동성주유소점,인천광역시 중구 신흥동3가 34,인천광역시 중구 신흥동3가 34,37.44814,126.62876
98,막내네,인천광역시 중구 인현동 84-1,인천광역시 중구 인현동 84-1,37.47503,126.63179
99,체이스커피(chase coffee),인천광역시 중구 운서동 3063-1,인천광역시 중구 운서동 3063-1,37.48447,126.48626
100,커피온니(COFFEE 온니),인천광역시 중구 항동7가 60,인천광역시 중구 항동7가 60,37.45443,126.61033
101,카페일리오,인천광역시 중구 운서동 3114-7,인천광역시 중구 운서동 3114-7,37.48447,126.48626
102,플로스 로비라운지,인천광역시 중구 운서동 2877,인천광역시 중구 운서동 2877,37.48447,126.48626
103,더선셋카페(The sunset cafe),인천광역시 중구 북성동3가 4-11,인천광역시 중구 북성동3가 4-11,37.47616,126.62091
104,티파니,인천광역시 중구 무의동 852,인천광역시 중구 무의동 852,37.38999,126.41902
105,풍경이있는커피,인천광역시 중구 항동7가 58-50,인천광역시 중구 항동7가 58-50,37.45443,126.61033
106,이디야 월미도점,인천광역시 중구 북성동1가 98-446,인천광역시 중구 북성동1가 98-446,0.0,0.0
107,엔제리너스 인천공항 T2 3F점,인천광역시 중구 운서동 2868,인천광역시 중구 운서동 2868,37.48447,126.48626
108,엔제리너스 인천공항 T2 B1점,인천광역시 중구 운서동 2868,인천광역시 중구 운서동 2868,37.48447,126.48626
109,(주)커피빈코리아 인천공항제2여객터미널입국점,인천광역시 중구 운서동 2868,인천광역시 중구 운서동 2868,37.48447,126.48626
110,더벤티 영종도운서역점,인천광역시 중구 운서동 2803-1,인천광역시 중구 운서동 2803-1,37.48447,126.48626
111,카페사푼사푼 인천공항점,인천광역시 중구 운서동 2868,인천광역시 중구 운서동 2868,37.48447,126.48626
112,스타벅스 인천공항T2입국,인천광역시 중구 운서동 2868,인천광역시 중구 운서동 2868,37.48447,126.48626
113,스타벅스 인천공항T2출국,인천광역시 중구 운서동 2868,인천광역시 중구 운서동 2868,37.48447,126.48626
114,스타벅스 인천공항T2에어,인천광역시 중구 운서동 2868,인천광역시 중구 운서동 2868,37.48447,126.48626
115,크리스피크림 인천공항T2점,인천광역시 중구 운서동 2868,인천광역시 중구 운서동 2868,37.48447,126.48626
116,크리스피크림 인천공항T2에어점,인천광역시 중구 운서동 2868,인천광역시 중구 운서동 2868,37.48447,126.48626
117,공차 인천공항4호점,인천광역시 중구 운서동 2868,인천광역시 중구 운서동 2868,37.48447,126.48626
118,공차 인천공항5호점,인천광역시 중구 운서동 2868,인천광역시 중구 운서동 2868,37.48447,126.48626
119,에어카페 T2,인천광역시 중구 운서동 2868,인천광역시 중구 운서동 2868,37.48447,126.48626
120,자작나무숲,인천광역시 중구 운서동 2091-104,인천광역시 중구 운서동 2091-104,37.4588028,126.4487361
121,투썸플레이스 인천공항여객터미널점,인천광역시 중구 운서동 2840,인천광역시 중구 운서동 2840,37.48447,126.48626
122,실버카페하늘마루(인천중구노인인력개발센터),인천광역시 중구 운서동 2851,인천광역시 중구 운서동 2851,37.48447,126.48626
123,블루틴(bluetin),인천광역시 중구 을왕동 773-70,인천광역시 중구 을왕동 773-70,37.45259,126.38318
124,탐앤탐스 왕산점,인천광역시 중구 을왕동 810-98,인천광역시 중구 을왕동 810-98,37.45259,126.38318
125,브라운핸즈 개항로,인천광역시 중구 경동 232-10,인천광역시 중구 경동 232-10,37.47209,126.63188
126,스무디킹 인천공항점,인천광역시 중구 운서동 2840,인천광역시 중구 운서동 2840,37.48447,126.48626
127,동화마을 더치로드카페,인천광역시 중구 송월동3가 11-33,인천광역시 중구 송월동3가 11-33,37.47816,126.62113
128,공차 인천국제공항1호점,인천광역시 중구 운서동 2840,인천광역시 중구 운서동 2840,37.48447,126.48626
129,마리앙로제,인천광역시 중구 송월동1가 13-69,인천광역시 중구 송월동1가 13-69,37.47986,126.62348
130,띵크커피 인천공항점,인천광역시 중구 운서동 2840,인천광역시 중구 운서동 2840,37.48447,126.48626
131,오가다 인천운서역점,인천광역시 중구 운서동 2803-1,인천광역시 중구 운서동 2803-1,37.48447,126.48626
132,손커피연구소,인천광역시 중구 운남동 1641-20,인천광역시 중구 운남동 1641-20,37.4882202,126.5334971
133,메가MGC커피 영종운서역점,인천광역시 중구 운서동 2803-1,인천광역시 중구 운서동 2803-1,37.48447,126.48626
134,에그셀런트 영종하늘도시점,인천광역시 중구 중산동 1875-3,인천광역시 중구 중산동 1875-3,37.49627,126.5583
135,투썸플레이스 인천공항교통센터점,인천광역시 중구 운서동 2851,인천광역시 중구 운서동 2851,37.48447,126.48626
136,빽다방 인천 월미도점,인천광역시 중구 북성동1가 98-56,인천광역시 중구 북성동1가 98-56,37.4782563,126.6158726
137,행복나눔터 3호점,인천광역시 중구 운서동 543-5,인천광역시 중구 운서동 543-5,37.48447,126.48626
138,노루카페(삶의이야기),인천광역시 중구 운서동 3031-4,인천광역시 중구 운서동 3031-4,37.48447,126.48626
139,이디야커피(EDIYA COFFEE),인천광역시 중구 운북동 1363-7,인천광역시 중구 운북동 1363-7,37.51588,126.51892
140,주니베리(Juniberry),인천광역시 중구 신생동 2-1,인천광역시 중구 신생동 2-1,37.4696597,126.6266658
141,커피에반하다 영종운서점,인천광역시 중구 운서동 2925-1,인천광역시 중구 운서동 2925-1,37.48447,126.48626
142,카페하우스(cafeHouse),인천광역시 중구 송월동3가 15-12,인천광역시 중구 송월동3가 15-12,37.47816,126.62113
143,놀러가개 나도놀개,인천광역시 중구 운남동 412-2,인천광역시 중구 운남동 412-2,37.4882202,126.5334971
144,푸디스트(주) 카페,인천광역시 중구 운서동 2840-13,인천광역시 중구 운서동 2840-13,37.48447,126.48626
145,로스팅포러와일,인천광역시 중구 인현동 38,인천광역시 중구 인현동 38,37.47503,126.63179
146,커피베이 영종운서점,인천광역시 중구 운서동 3088-3,인천광역시 중구 운서동 3088-3,37.48447,126.48626
147,커피에반하다(인천운남점),인천광역시 중구 운남동 1514-9,인천광역시 중구 운남동 1514-9,37.4882202,126.5334971
148,나인인치커피,인천광역시 중구 운북동 1257-44,인천광역시 중구 운북동 1257-44,37.51588,126.51892
149,인천서점,인천광역시 중구 해안동1가 1-5,인천광역시 중구 해안동1가 1-5,37.47293,126.61994
150,목현,인천광역시 중구 운서동 3036-7,인천광역시 중구 운서동 3036-7,37.48447,126.48626
151,끌당,인천광역시 중구 신생동 33-6,인천광역시 중구 신생동 33-6,37.4696597,126.6266658
152,EGG DROP 신포점,인천광역시 중구 내동 102,인천광역시 중구 내동 102,37.47342,126.62744
153,이디야커피(답동지점),인천광역시 중구 답동 11-13,인천광역시 중구 답동 11-13,37.46947,126.62895
154,cafe in caritas(카페인카리타스),인천광역시 중구 경동 229-3,인천광역시 중구 경동 229-3,37.47209,126.63188
155,아모르카페,인천광역시 중구 율목동 237-3,인천광역시 중구 율목동 237-3,37.47009345,126.635044392266
156,전통찻집 마실,인천광역시 중구 운서동 3039-12,인천광역시 중구 운서동 3039-12,37.48447,126.48626
157,맘스케익 영종도운서점,인천광역시 중구 운서동 3060-30,인천광역시 중구 운서동 3060-30,37.4938884,126.49991903701068
158,시월애숲,인천광역시 중구 운남동 208-3,인천광역시 중구 운남동 208-3,37.4882202,126.5334971
159,오카드코히,인천광역시 중구 전동 19-34,인천광역시 중구 전동 19-34,37.47711,126.62651
160,카페아이싱,인천광역시 중구 율목동 33,인천광역시 중구 율목동 33,37.47009345,126.635044392266
161,브알라 인천국제공항 2호점,인천광역시 중구 운서동 2840,인천광역시 중구 운서동 2840,37.48447,126.48626
162,꽁커피,인천광역시 중구 중앙동2가 12,인천광역시 중구 중앙동2가 12,37.47286,126.62168
163,유니커스 (UNIQUS),인천광역시 중구 운남동 1536,인천광역시 중구 운남동 1536,37.4882202,126.5334971
164,카페건,인천광역시 중구 중산동 1967-1,인천광역시 중구 중산동 1967-1,37.49627,126.5583
165,투썸플레이스 인천공항물류단지점,인천광역시 중구 운서동 3170-6,인천광역시 중구 운서동 3170-6,37.48447,126.48626
166,더숲190,인천광역시 중구 운서동 3088-7,인천광역시 중구 운서동 3088-7,37.4505671,126.4563572
167,메가엠지씨커피 영종하늘도시점,인천광역시 중구 중산동 1884-1,인천광역시 중구 중산동 1884-1,37.49627,126.5583
168,메가엠지씨커피 인천차이나타운점,인천광역시 중구 북성동3가 3-8,인천광역시 중구 북성동3가 3-8,37.47616,126.62091
169,범산목장 인천왕산해수욕장점,인천광역시 중구 을왕동 810-203,인천광역시 중구 을왕동 810-203,37.45259,126.38318
170,스타벅스 영종하늘도시점,인천광역시 중구 중산동 1883-12,인천광역시 중구 중산동 1883-12,37.49627,126.5583
171,커피포트 3호점,인천광역시 중구 운서동 2868,인천광역시 중구 운서동 2868,37.48447,126.48626
172,신스(since)1956,인천광역시 중구 항동7가 104-26,인천광역시 중구 항동7가 104-26,37.45443,126.61033
173,유라커피(U_la coffee),인천광역시 중구 운서동 3112-1,인천광역시 중구 운서동 3112-1,37.48447,126.48626
174,달빛마루 실버카페,인천광역시 중구 북성동1가 125,인천광역시 중구 북성동1가 125,37.4782563,126.6158726
175,동화마을1번가,인천광역시 중구 송월동3가 11-76,인천광역시 중구 송월동3가 11-76,37.47816,126.62113
176,엠클리프,인천광역시 중구 덕교동 128-58,인천광역시 중구 덕교동 128-58,37.43512,126.41899
177,리틀핑거,인천광역시 중구 중산동 1883-9,인천광역시 중구 중산동 1883-9,37.49627,126.5583
178,키친4B,인천광역시 중구 해안동2가 4-16,인천광역시 중구 해안동2가 4-16,37.4722,126.62113
179,"오늘, 커피",인천광역시 중구 무의동 562,인천광역시 중구 무의동 562,37.38999,126.41902
180,할리스커피 영종덕교점,인천광역시 중구 덕교동 103-9,인천광역시 중구 덕교동 103-9,37.43512,126.41899
181,마시안제빵소,인천광역시 중구 덕교동 615-12,인천광역시 중구 덕교동 615-12,37.43512,126.41899
182,바이번(vibeon),인천광역시 중구 운서동 3087-2,인천광역시 중구 운서동 3087-2,37.48447,126.48626
183,카페 알(cafe R),인천광역시 중구 운북동 361-4,인천광역시 중구 운북동 361-4,37.51588,126.51892
184,기노스코 개항점,인천광역시 중구 경동 237-2,인천광역시 중구 경동 237-2,37.47209,126.63188
185,커피홀릭협동조합,인천광역시 중구 운서동 3047-6,인천광역시 중구 운서동 3047-6,37.48447,126.48626
186,을왕리 빵판다,인천광역시 중구 을왕동 906-1,인천광역시 중구 을왕동 906-1,37.45259,126.38318
187,원 오브 어스(one of us),인천광역시 중구 운북동 1266-3,인천광역시 중구 운북동 1266-3,37.51588,126.51892
188,빽다방 영종하늘도시점,인천광역시 중구 중산동 1882-10,인천광역시 중구 중산동 1882-10,37.49627,126.5583
189,할리스 인천공항T1점,인천광역시 중구 운서동 2840,인천광역시 중구 운서동 2840,37.48447,126.48626
190,투썸플레이스 인천영종하늘중앙로,인천광역시 중구 중산동 1873-1,인천광역시 중구 중산동 1873-1,37.49627,126.5583
191,빌라드샬롯카페 인천공항T1 1F,인천광역시 중구 운서동 2840,인천광역시 중구 운서동 2840,37.48447,126.48626
192,엔제리너스 인천공항T1 1F,인천광역시 중구 운서동 2840,인천광역시 중구 운서동 2840,37.48447,126.48626
193,에이오커피,인천광역시 중구 운서동 3112-9,인천광역시 중구 운서동 3112-9,37.48447,126.48626
194,카페 청혜윰,인천광역시 중구 운서동 2851,인천광역시 중구 운서동 2851,37.48447,126.48626
195,"지금,이곳.",인천광역시 중구 운남동 324-9,인천광역시 중구 운남동 324-9,37.4882202,126.5334971
196,바나나커피,인천광역시 중구 덕교동 662-5,인천광역시 중구 덕교동 662-5,37.43512,126.41899
197,메가커피 영종하늘달빛점,인천광역시 중구 중산동 1875-5,인천광역시 중구 중산동 1875-5,37.49627,126.5583
198,메가엠지씨커피월미도점,인천광역시 중구 북성동1가 98-10,인천광역시 중구 북성동1가 98-10,37.4782563,126.6158726
199,꿀스커피,인천광역시 중구 운서동 3098-1,인천광역시 중구 운서동 3098-1,37.48447,126.48626
200,"카페,소피",인천광역시 중구 신흥동3가 14-5,인천광역시 중구 신흥동3가 14-5,37.44814,126.62876
201,이디야 영종센트럴타워점,인천광역시 중구 운서동 3098-2,인천광역시 중구 운서동 3098-2,37.48447,126.48626
202,카페플러스마트,인천광역시 중구 운서동 2091-104,인천광역시 중구 운서동 2091-104,37.4588028,126.4487361
203,메가엠지씨커피신포점,인천광역시 중구 내동 216,인천광역시 중구 내동 216,37.47342,126.62744
204,카페일리터 하늘도시점,인천광역시 중구 중산동 1873-23,인천광역시 중구 중산동 1873-23,37.49627,126.5583
205,공차 영종하늘도시점,인천광역시 중구 중산동 1882-10,인천광역시 중구 중산동 1882-10,37.49627,126.5583
206,싸이프러스1,인천광역시 중구 답동 11-17,인천광역시 중구 답동 11-17,37.46947,126.62895
207,싸이프러스2,인천광역시 중구 답동 11-17,인천광역시 중구 답동 11-17,37.46947,126.62895
208,우주라이크앤 영종하늘도시점,인천광역시 중구 중산동 1876-1,인천광역시 중구 중산동 1876-1,37.49627,126.5583
209,투썸플레이스 인천영종운서점,인천광역시 중구 운서동 3092-3,인천광역시 중구 운서동 3092-3,37.48447,126.48626
210,카페 드 셀린,인천광역시 중구 중산동 1904-1,인천광역시 중구 중산동 1904-1,37.49627,126.5583
211,해피브릭,인천광역시 중구 중산동 1875-5,인천광역시 중구 중산동 1875-5,37.49627,126.5583
212,cafe AMii (카페 아미),인천광역시 중구 중산동 1331-1,인천광역시 중구 중산동 1331-1,37.49627,126.5583
213,서리화,인천광역시 중구 운북동 1261-17,인천광역시 중구 운북동 1261-17,37.51588,126.51892
214,아마스빈 동인천점,인천광역시 중구 인현동 20-5,인천광역시 중구 인현동 20-5,37.47503,126.63179
215,페어리(Fairy)카페,인천광역시 중구 을왕동 687,인천광역시 중구 을왕동 687,37.45259,126.38318
216,메가엠지씨커피 영종구읍뱃터점,인천광역시 중구 중산동 1949-1,인천광역시 중구 중산동 1949-1,37.49627,126.5583
217,정석,인천광역시 중구 항동7가 87-2,인천광역시 중구 항동7가 87-2,37.45443,126.61033
218,카페모스,인천광역시 중구 내동 177,인천광역시 중구 내동 177,37.47342,126.62744
219,카페슬로우,인천광역시 중구 무의동 180-26,인천광역시 중구 무의동 180-26,37.38999,126.41902
220,고은매점,인천광역시 중구 항동7가 27-215,인천광역시 중구 항동7가 27-215,37.45443,126.61033
221,메가엠지씨커피 인천연안부두점,인천광역시 중구 항동7가 27-69,인천광역시 중구 항동7가 27-69,37.45443,126.61033
222,다운타운 선셋,인천광역시 중구 덕교동 134-13,인천광역시 중구 덕교동 134-13,37.43512,126.41899
223,커피베이 인천동화마을점,인천광역시 중구 송월동3가 11-140,인천광역시 중구 송월동3가 11-140,37.47816,126.62113
224,"카페,오숑",인천광역시 중구 답동 17-5,인천광역시 중구 답동 17-5,37.46947,126.62895
225,카페 메이벨(cafe maybell),인천광역시 중구 운서동 3039-8,인천광역시 중구 운서동 3039-8,37.4507427,126.456067
226,행복나눔터 4호점,인천광역시 중구 인현동 5,인천광역시 중구 인현동 5,37.47503,126.63179
227,카페 티크,인천광역시 중구 운서동 3050-2,인천광역시 중구 운서동 3050-2,37.48447,126.48626
228,윌마 커피 로스터스,인천광역시 중구 인현동 1-273,인천광역시 중구 인현동 1-273,37.47503,126.63179
229,메가엠지씨커피 영종넙디점,인천광역시 중구 운서동 2901-3,인천광역시 중구 운서동 2901-3,37.48447,126.48626
230,망원동 티라미수,인천광역시 중구 중산동 1873-3,인천광역시 중구 중산동 1873-3,37.49627,126.5583
231,코월드비전센터,인천광역시 중구 운서동 3060-7,인천광역시 중구 운서동 3060-7,37.4938884,126.49991903701068
232,더벤티 영종하늘도시점,인천광역시 중구 중산동 1873-3,인천광역시 중구 중산동 1873-3,37.49627,126.5583
233,참 디저트,인천광역시 중구 운서동 3036-8,인천광역시 중구 운서동 3036-8,37.48447,126.48626
234,컴포즈커피 운서역점,인천광역시 중구 운서동 3090-3,인천광역시 중구 운서동 3090-3,37.4500917,126.4567056
235,"오늘도,카페일리터 운서점",인천광역시 중구 운서동 2793-3,인천광역시 중구 운서동 2793-3,37.48447,126.48626
236,카페드쉘,인천광역시 중구 덕교동 662-3,인천광역시 중구 덕교동 662-3,37.43512,126.41899
237,명태다방,인천광역시 중구 운서동 3021-8,인천광역시 중구 운서동 3021-8,37.48447,126.48626
238,Cafe 우든필,인천광역시 중구 신흥동3가 34-1,인천광역시 중구 신흥동3가 34-1,37.44814,126.62876
239,컴포즈 커피 영종하늘도시점,인천광역시 중구 중산동 1873-3,인천광역시 중구 중산동 1873-3,37.49627,126.5583
240,헤펠레목공방 인천운남점,인천광역시 중구 운남동 317-1,인천광역시 중구 운남동 317-1,37.4882202,126.5334971
241,아마스빈 영종하늘도시점,인천광역시 중구 중산동 1884-4,인천광역시 중구 중산동 1884-4,37.49627,126.5583
242,flour(플라워),인천광역시 중구 중산동 1896-7,인천광역시 중구 중산동 1896-7,37.49627,126.5583
243,카페온,인천광역시 중구 운남동 347-1,인천광역시 중구 운남동 347-1,37.4882202,126.5334971
244,티디커피,인천광역시 중구 중산동 1917-4,인천광역시 중구 중산동 1917-4,37.49627,126.5583
245,I got everything 중구제2청사점,인천광역시 중구 운남동 1511,인천광역시 중구 운남동 1511,37.4882202,126.5334971
246,카페인중독 영종도하늘도시점,인천광역시 중구 중산동 1886-2,인천광역시 중구 중산동 1886-2,37.49627,126.5583
247,하삼동커피 구읍뱃터점,인천광역시 중구 중산동 1948-2,인천광역시 중구 중산동 1948-2,37.49627,126.5583
248,이디야(운서까페거리점),인천광역시 중구 운서동 3044-2,인천광역시 중구 운서동 3044-2,37.48447,126.48626
249,더리터 영종하늘도시점,인천광역시 중구 중산동 1884-1,인천광역시 중구 중산동 1884-1,37.49627,126.5583
250,반달커피 영종도점,인천광역시 중구 운남동 1563-5,인천광역시 중구 운남동 1563-5,37.4882202,126.5334971
251,컴포즈커피 하늘달빛점,인천광역시 중구 중산동 1875-12,인천광역시 중구 중산동 1875-12,37.49627,126.5583
252,떡다온더카페,인천광역시 중구 운서동 3043-7,인천광역시 중구 운서동 3043-7,37.48447,126.48626
253,빽다방 영종운서역점,인천광역시 중구 운서동 2803-1,인천광역시 중구 운서동 2803-1,37.48447,126.48626
254,브로슈코 커피컴퍼니,인천광역시 중구 항동7가 49-1,인천광역시 중구 항동7가 49-1,37.45443,126.61033
255,카페코지 영종점,인천광역시 중구 중산동 1886-3,인천광역시 중구 중산동 1886-3,37.49627,126.5583
256,웰디벨롭,인천광역시 중구 중산동 1883-10,인천광역시 중구 중산동 1883-10,37.49627,126.5583
257,프렌치빌,인천광역시 중구 관동3가 2-5,인천광역시 중구 관동3가 2-5,37.47207625,126.62477085302109
258,카페 림,인천광역시 중구 덕교동 488-10,인천광역시 중구 덕교동 488-10,37.43512,126.41899
259,마시안전통찻집,인천광역시 중구 덕교동 662-9,인천광역시 중구 덕교동 662-9,37.43512,126.41899
260,몬몬이야(monmoniya),인천광역시 중구 남북동 939-5,인천광역시 중구 남북동 939-5,37.4499857,126.41187
261,커즈커피(CUZ COFFEE),인천광역시 중구 운서동 3047-27,인천광역시 중구 운서동 3047-27,37.48447,126.48626
262,#51,인천광역시 중구 덕교동 485-7,인천광역시 중구 덕교동 485-7,37.43512,126.41899
263,milkbay(밀크베이),인천광역시 중구 중산동 1873-5,인천광역시 중구 중산동 1873-5,37.49627,126.5583
264,손토스트 씨사이드파크점,인천광역시 중구 운남동 1641-23,인천광역시 중구 운남동 1641-23,37.4882202,126.5334971
265,카페천국 운서점,인천광역시 중구 운서동 3092-3,인천광역시 중구 운서동 3092-3,37.48447,126.48626
266,S.Cafe 1th(카페1번가),인천광역시 중구 신흥동1가 78,인천광역시 중구 신흥동1가 78,37.4667,126.63146
267,BOTTEGA(보테가),인천광역시 중구 덕교동 128-60,인천광역시 중구 덕교동 128-60,37.43512,126.41899
268,카페뮈,인천광역시 중구 무의동 298-1,인천광역시 중구 무의동 298-1,37.38999,126.41902
269,소담카페,인천광역시 중구 을왕동 256-1,인천광역시 중구 을왕동 256-1,37.45259,126.38318
270,컴포즈커피 신포DS점,인천광역시 중구 내동 212-1,인천광역시 중구 내동 212-1,37.47342,126.62744
271,카페뱃터,인천광역시 중구 중산동 1956-1,인천광역시 중구 중산동 1956-1,37.49627,126.5583
272,화하양자,인천광역시 중구 송월동2가 2-9,인천광역시 중구 송월동2가 2-9,37.4786615,126.6193288
273,커피에반하다 영종중산점,인천광역시 중구 중산동 1457-1,인천광역시 중구 중산동 1457-1,37.49627,126.5583
274,도르팍 비건,인천광역시 중구 중산동 1013-1,인천광역시 중구 중산동 1013-1,37.49627,126.5583
275,NOUAISON(누에종),인천광역시 중구 중산동 1947-1,인천광역시 중구 중산동 1947-1,37.49627,126.5583
276,유캔두잇 인천운서점,인천광역시 중구 운서동 3109-2,인천광역시 중구 운서동 3109-2,37.490258,126.4941286008401
277,팔공티 운서점,인천광역시 중구 운서동 2803-1,인천광역시 중구 운서동 2803-1,37.48447,126.48626
278,독독 2호점,인천광역시 중구 남북동 800-1,인천광역시 중구 남북동 800-1,37.4499857,126.41187
279,텐퍼센트스페셜티커피 영종하늘도시점,인천광역시 중구 중산동 1875-6,인천광역시 중구 중산동 1875-6,37.49627,126.5583
280,브레댄코영종구읍뱃터점,인천광역시 중구 중산동 1956-1,인천광역시 중구 중산동 1956-1,37.49627,126.5583
281,"Hey,buddy(헤이버디)",인천광역시 중구 전동 18-16,인천광역시 중구 전동 18-16,37.47711,126.62651
282,장스꿀카페,인천광역시 중구 운서동 3165-1,인천광역시 중구 운서동 3165-1,37.48447,126.48626
283,폴바셋투고바 파라다이스시티점,인천광역시 중구 운서동 2874,인천광역시 중구 운서동 2874,37.48447,126.48626
284,Machon(마숑),인천광역시 중구 운남동 1641-23,인천광역시 중구 운남동 1641-23,37.4882202,126.5334971
285,캠프플러스,인천광역시 중구 덕교동 488-1,인천광역시 중구 덕교동 488-1,37.43512,126.41899
286,마시코코 영종점,인천광역시 중구 중산동 1899-10,인천광역시 중구 중산동 1899-10,37.49627,126.5583
287,카페(CAFE) HERO,인천광역시 중구 을왕동 880-17,인천광역시 중구 을왕동 880-17,37.45259,126.38318
288,디저트39 월미도점,인천광역시 중구 북성동1가 98-230,인천광역시 중구 북성동1가 98-230,0.0,0.0
289,파스쿠찌 영종하늘도시점,인천광역시 중구 중산동 1883-2,인천광역시 중구 중산동 1883-2,37.49627,126.5583
290,원유로스페셜티 인천영종도점,인천광역시 중구 운서동 2791-1,인천광역시 중구 운서동 2791-1,37.48447,126.48626
291,바소영종점,인천광역시 중구 중산동 1901-4,인천광역시 중구 중산동 1901-4,37.49627,126.5583
292,바위커피,인천광역시 중구 중산동 901,인천광역시 중구 중산동 901,37.49627,126.5583
293,티엔티푸드(주),인천광역시 중구 운서동 2842-16,인천광역시 중구 운서동 2842-16,37.48447,126.48626
294,영종도 더벤티 더타임점,인천광역시 중구 운서동 3098-5,인천광역시 중구 운서동 3098-5,37.48447,126.48626
295,엔제리너스 운서점,인천광역시 중구 운서동 2803-1,인천광역시 중구 운서동 2803-1,37.48447,126.48626
296,커피볶는남자,인천광역시 중구 운서동 3043-5,인천광역시 중구 운서동 3043-5,37.48447,126.48626
297,Cafe BLOOM YELLOW(블룸옐로우),인천광역시 중구 사동 18-24,인천광역시 중구 사동 18-24,37.46836,126.62518
298,제이씨컴퍼니,인천광역시 중구 율목동 1-30,인천광역시 중구 율목동 1-30,37.47009345,126.635044392266
299,BON9,인천광역시 중구 운북동 132-11,인천광역시 중구 운북동 132-11,37.51588,126.51892
300,와플칸,인천광역시 중구 운서동 2791-1,인천광역시 중구 운서동 2791-1,37.48447,126.48626
301,노틀담베이커리,인천광역시 중구 운서동 2842-7,인천광역시 중구 운서동 2842-7,37.4505671,126.4563572
302,노틀담베이커리,인천광역시 중구 운서동 2851-20,인천광역시 중구 운서동 2851-20,37.4537,126.4502667
303,ONYU오뉴,인천광역시 중구 운서동 2903-1,인천광역시 중구 운서동 2903-1,37.48447,126.48626
304,모온지,인천광역시 중구 운서동 2803-1,인천광역시 중구 운서동 2803-1,37.48447,126.48626
305,주식다방(stock cafe),인천광역시 중구 신포동 26-24,인천광역시 중구 신포동 26-24,37.467314099999996,126.62087413613884
306,OWL's(아울스),인천광역시 중구 을왕동 186-39,인천광역시 중구 을왕동 186-39,37.45259,126.38318
307,시아북카페 영종점,인천광역시 중구 중산동 1875-3,인천광역시 중구 중산동 1875-3,37.49627,126.5583
308,꿈이든더카페,인천광역시 중구 운서동 2850-9,인천광역시 중구 운서동 2850-9,37.48447,126.48626
309,카페송,인천광역시 중구 인현동 22-4,인천광역시 중구 인현동 22-4,37.47503,126.63179
310,감성커피 신포시장점,인천광역시 중구 신포동 1-3,인천광역시 중구 신포동 1-3,37.467314099999996,126.62087413613884
311,인천신포시장점 빽다방2,인천광역시 중구 신포동 63-1,인천광역시 중구 신포동 63-1,37.467314099999996,126.62087413613884
312,컴포즈커피 연안부두점,인천광역시 중구 항동7가 27-35,인천광역시 중구 항동7가 27-35,37.45443,126.61033
313,밸런스 로스팅 커피,인천광역시 중구 인현동 22-7,인천광역시 중구 인현동 22-7,37.47503,126.63179
314,몽콕MONGKOK(주)자이락,인천광역시 중구 운서동 3109-9,인천광역시 중구 운서동 3109-9,37.4898485,126.49323659999999
315,카페 을왕,인천광역시 중구 을왕동 694-6,인천광역시 중구 을왕동 694-6,37.45259,126.38318
316,플라워 플렉스,인천광역시 중구 운서동 3050-2,인천광역시 중구 운서동 3050-2,37.48447,126.48626
317,그린스미스&에그존 운서점,인천광역시 중구 운서동 3098-5,인천광역시 중구 운서동 3098-5,37.48447,126.48626
318,슈퍼스타 바람돌이,인천광역시 중구 중산동 1883-2,인천광역시 중구 중산동 1883-2,37.49627,126.5583
319,렌츠(LENTZ),인천광역시 중구 중산동 1947-1,인천광역시 중구 중산동 1947-1,37.49627,126.5583
320,노틀담베이커리,인천광역시 중구 항동7가 1-18,인천광역시 중구 항동7가 1-18,37.45443,126.61033
321,제피렐리,인천광역시 중구 경동 94-2,인천광역시 중구 경동 94-2,37.47209,126.63188
322,이그니토 커피 컴퍼니,인천광역시 중구 경동 90,인천광역시 중구 경동 90,37.47209,126.63188
323,하늘생명나무,인천광역시 중구 운남동 526-4,인천광역시 중구 운남동 526-4,37.4882202,126.5334971
324,뭐 먹지?,인천광역시 중구 북성동1가 98-10,인천광역시 중구 북성동1가 98-10,37.4782563,126.6158726
325,바다의시간,인천광역시 중구 중산동 1948-1,인천광역시 중구 중산동 1948-1,37.49627,126.5583
326,카페엠디디(cafe mdd),인천광역시 중구 중앙동4가 1-6,인천광역시 중구 중앙동4가 1-6,37.4712303,126.6238923
327,발도스커피,인천광역시 중구 답동 24-3,인천광역시 중구 답동 24-3,37.46947,126.62895
328,몬스테라,인천광역시 중구 중산동 1873-5,인천광역시 중구 중산동 1873-5,37.49627,126.5583
329,하이오커피 인천오션솔레뷰점,인천광역시 중구 중산동 1947-1,인천광역시 중구 중산동 1947-1,37.49627,126.5583
330,만정카페,인천광역시 중구 중산동 1850-477,인천광역시 중구 중산동 1850-477,37.49627,126.5583
331,컴포즈커피 넙디점,인천광역시 중구 운서동 2934-2,인천광역시 중구 운서동 2934-2,37.4500076,126.4560058
332,360도 by flower(360도 바이 플라워),인천광역시 중구 운서동 3060-22,인천광역시 중구 운서동 3060-22,37.4528306,126.4507111
333,시나본 영종점,인천광역시 중구 중산동 1886-17,인천광역시 중구 중산동 1886-17,37.49627,126.5583
334,그린게이블,인천광역시 중구 인현동 17-11,인천광역시 중구 인현동 17-11,37.47503,126.63179
335,향기노리,인천광역시 중구 내동 2-25,인천광역시 중구 내동 2-25,37.47342,126.62744
336,옛다방,인천광역시 중구 운남동 1498-7,인천광역시 중구 운남동 1498-7,37.4882202,126.5334971
337,매머드익스프레스 영종하늘별빛점,인천광역시 중구 중산동 1882-1,인천광역시 중구 중산동 1882-1,37.49627,126.5583
338,컴포즈커피 인천 차이나타운점,인천광역시 중구 북성동2가 12-12,인천광역시 중구 북성동2가 12-12,37.4771996,126.6187996
339,콤피스,인천광역시 중구 운남동 25,인천광역시 중구 운남동 25,37.4882202,126.5334971
340,비다,인천광역시 중구 운북동 412,인천광역시 중구 운북동 412,37.51588,126.51892
341,모리커피 하늘도시점,인천광역시 중구 중산동 1886-17,인천광역시 중구 중산동 1886-17,37.49627,126.5583
342,이십센치(20cm),인천광역시 중구 선린동 49,인천광역시 중구 선린동 49,37.47464,126.61855
343,카페유로,인천광역시 중구 을왕동 861,인천광역시 중구 을왕동 861,37.45259,126.38318
344,매머드 커피 익스프레스 신포점,인천광역시 중구 신포동 16-8,인천광역시 중구 신포동 16-8,37.467314099999996,126.62087413613884
345,온갖책방,인천광역시 중구 중산동 1885-1,인천광역시 중구 중산동 1885-1,37.49627,126.5583
346,쉬는 목요일,인천광역시 중구 운서동 2807-4,인천광역시 중구 운서동 2807-4,37.48447,126.48626
347,유캔두잇 영종하늘도시점,인천광역시 중구 중산동 1873-6,인천광역시 중구 중산동 1873-6,37.49627,126.5583
348,원유로 스페셜티 영종도 운남동점,인천광역시 중구 운남동 1523-7,인천광역시 중구 운남동 1523-7,37.4882202,126.5334971
349,텐퍼센트 스페셜티커피 하늘중앙점,인천광역시 중구 중산동 1882-1,인천광역시 중구 중산동 1882-1,37.49627,126.5583
350,천씨씨 영종하늘도시점,인천광역시 중구 중산동 1876-8,인천광역시 중구 중산동 1876-8,37.49627,126.5583
351,원유로 스페셜티 영종 하늘도시점,인천광역시 중구 중산동 1882-1,인천광역시 중구 중산동 1882-1,37.49627,126.5583
352,커피마마퀸 영종하늘도시점,인천광역시 중구 중산동 1883-14,인천광역시 중구 중산동 1883-14,37.49627,126.5583
353,일빙,인천광역시 중구 운서동 3065-1,인천광역시 중구 운서동 3065-1,37.48447,126.48626
354,비거뉴어리,인천광역시 중구 도원동 26-18,인천광역시 중구 도원동 26-18,37.4672109,126.64005216755922
355,소무의도여행자센터영어조합법인,인천광역시 중구 무의동 849-8,인천광역시 중구 무의동 849-8,37.38999,126.41902
356,빽다방 영종하늘달빛점,인천광역시 중구 중산동 1875-3,인천광역시 중구 중산동 1875-3,37.49627,126.5583
357,델 플라워 카페,인천광역시 중구 중산동 1882-1,인천광역시 중구 중산동 1882-1,37.49627,126.5583
358,성수미술관 영종도점,인천광역시 중구 중산동 1948-1,인천광역시 중구 중산동 1948-1,37.49627,126.5583
359,디저트카페웜뱃(WOMBAT),인천광역시 중구 운서동 3029-7,인천광역시 중구 운서동 3029-7,37.48447,126.48626
360,다올,인천광역시 중구 운서동 3043-4,인천광역시 중구 운서동 3043-4,37.48447,126.48626
361,씨제이프레시웨이(주)아레나스영종물류센터점 카페,인천광역시 중구 운북동 1328-1,인천광역시 중구 운북동 1328-1,37.51588,126.51892
362,카페카라멜,인천광역시 중구 운서동 3041-8,인천광역시 중구 운서동 3041-8,37.48447,126.48626
363,카페 마페킹,인천광역시 중구 중앙동2가 11,인천광역시 중구 중앙동2가 11,37.47286,126.62168
364,더벤티 영종별빛광장점,인천광역시 중구 중산동 1885-10,인천광역시 중구 중산동 1885-10,37.49627,126.5583
365,카페게이트 인천운서점,인천광역시 중구 운서동 3092-5,인천광역시 중구 운서동 3092-5,37.48447,126.48626
366,피에스타7커피 도원스타디움,인천광역시 중구 도원동 75,인천광역시 중구 도원동 75,37.4672109,126.64005216755922
367,설빙 영종도점,인천광역시 중구 중산동 1884-2,인천광역시 중구 중산동 1884-2,37.49627,126.5583
368,비에이커,인천광역시 중구 북성동2가 10-27,인천광역시 중구 북성동2가 10-27,37.4771996,126.6187996
369,달콤비욘드트러스트호점,인천광역시 중구 항동7가 85-72,인천광역시 중구 항동7가 85-72,37.45443,126.61033
370,카사(casa),인천광역시 중구 신생동 2-5,인천광역시 중구 신생동 2-5,37.4696597,126.6266658
371,(주)바운스 스포키 영종도센터,인천광역시 중구 운서동 3099-4,인천광역시 중구 운서동 3099-4,37.48447,126.48626
372,원바이트 투스푼,인천광역시 중구 선화동 7-17,인천광역시 중구 선화동 7-17,37.46593,126.63732
373,메가엠지씨커피 영종운남점,인천광역시 중구 운남동 1524-7,인천광역시 중구 운남동 1524-7,37.4882202,126.5334971
374,빽다방 영종운서스카이점,인천광역시 중구 운남동 1599-11,인천광역시 중구 운남동 1599-11,37.4882202,126.5334971
375,텐퍼센트 커피,인천광역시 중구 운남동 1602-6,인천광역시 중구 운남동 1602-6,37.4882202,126.5334971
376,한이답지,인천광역시 중구 중산동 1225-8,인천광역시 중구 중산동 1225-8,37.49627,126.5583
377,제이브로커피,인천광역시 중구 을왕동 762-25,인천광역시 중구 을왕동 762-25,37.45259,126.38318
378,트윗젤 인천공항2호점,인천광역시 중구 운서동 2840,인천광역시 중구 운서동 2840,37.48447,126.48626
379,트윗젤 인천공항1호점,인천광역시 중구 운서동 2840,인천광역시 중구 운서동 2840,37.48447,126.48626
380,담장아래 볕,인천광역시 중구 을왕동 880-5,인천광역시 중구 을왕동 880-5,37.45259,126.38318
381,카페게이트 영종중산점,인천광역시 중구 중산동 1888-1,인천광역시 중구 중산동 1888-1,37.49627,126.5583
382,시나본 인천공항 문화의거리점,인천광역시 중구 운서동 2840,인천광역시 중구 운서동 2840,37.48447,126.48626
383,옛길전통차전문점,인천광역시 중구 송학동2가 1-4,인천광역시 중구 송학동2가 1-4,37.4739832,126.62451
384,마담티(마음담은꽃차),인천광역시 중구 전동 18-21,인천광역시 중구 전동 18-21,37.47711,126.62651
385,꽃피는 나무 아래서,인천광역시 중구 운서동 3031-13,인천광역시 중구 운서동 3031-13,37.48447,126.48626
